Workbook

Sheet Tracker
A1: S.No | B1: LC # | C1: Problem | D1: Topic | E1: Difficulty | F1: Status | G1: Date Solved | H1: Time (min) | I1: Attempts | J1: Needed Help? | K1: Revisit? | L1: Notes | M1: Link
A2: 1 | B2: 1262 | C2: Greatest Sum Divisible by Three | D2: DP | E2: Medium | F2: Not Started | M2: Open
A3: 2 | B3: 1186 | C3: Maximum Subarray Sum with One Deletion | D3: DP | E3: Medium | F3: Not Started | M3: Open
A4: 3 | B4: 1043 | C4: Partition Array for Maximum Sum | D4: DP | E4: Medium | F4: Not Started | M4: Open
A5: 4 | B5: 1105 | C5: Filling Bookcase Shelves | D5: DP | E5: Medium | F5: Not Started | M5: Open
A6: 5 | B6: 837 | C6: New 21 Game | D6: DP | E6: Medium | F6: Not Started | M6: Open
A7: 6 | B7: 790 | C7: Domino and Tromino Tiling | D7: DP | E7: Medium | F7: Not Started | M7: Open
A8: 7 | B8: 2140 | C8: Solving Questions With Brainpower | D8: DP | E8: Medium | F8: Not Started | M8: Open
A9: 8 | B9: 1937 | C9: Maximum Number of Points with Cost | D9: DP | E9: Medium | F9: Not Started | M9: Open
A10: 9 | B10: 2327 | C10: Number of People Aware of a Secret | D10: DP | E10: Medium | F10: Not Started | M10: Open
A11: 10 | B11: 2266 | C11: Count Number of Texts | D11: DP | E11: Medium | F11: Not Started | M11: Open
A12: 11 | B12: 935 | C12: Knight Dialer | D12: DP | E12: Medium | F12: Not Started | M12: Open
A13: 12 | B13: 1039 | C13: Minimum Score Triangulation of Polygon | D13: DP | E13: Medium | F13: Not Started | M13: Open
... A41: 40 | B41: 2050 | C41: Parallel Courses III | D41: Graphs | E41: Hard | F41: Not Started | M41: Open

Sheet Summary
A1: Microsoft OA Practice – Progress
A3: Category | B3: Total | C3: Solved | D3: In Progress | E3: Revisit | F3: Completion % | G3: Avg Time (min)
A4: DP | B4: =COUNTIF(Tracker!$D$2:$D$41,$A4) -> 20 | C4: =COUNTIFS(Tracker!$D$2:$D$41,$A4,Tracker!$F$2:$F$41,"Solved") -> 0 | D4: =COUNTIFS(Tracker!$D$2:$D$41,$A4,Tracker!$F$2:$F$41,"In Progress") -> 0 | E4: =COUNTIFS(Tracker!$D$2:$D$41,$A4,Tracker!$F$2:$F$41,"Revisit") -> 0 | F4: =IFERROR(C4/B4,0) -> 0 | G4: =IFERROR(AVERAGEIFS(Tracker!$H$2:$H$41,Tracker!$D$2:$D$41,$A4,Tracker!$F$2:$F$41,"Solved"),0) -> 0
A5: Graphs | B5: =COUNTIF(Tracker!$D$2:$D$41,$A5) -> 20 | C5: =COUNTIFS(Tracker!$D$2:$D$41,$A5,Tracker!$F$2:$F$41,"Solved") -> 0 | D5: =COUNTIFS(Tracker!$D$2:$D$41,$A5,Tracker!$F$2:$F$41,"In Progress") -> 0 | E5: =COUNTIFS(Tracker!$D$2:$D$41,$A5,Tracker!$F$2:$F$41,"Revisit") -> 0 | F5: =IFERROR(C5/B5,0) -> 0 | G5: =IFERROR(AVERAGEIFS(Tracker!$H$2:$H$41,Tracker!$D$2:$D$41,$A5,Tracker!$F$2:$F$41,"Solved"),0) -> 0
A6: Medium | B6: =COUNTIF(Tracker!$E$2:$E$41,$A6) -> 27 | C6: =COUNTIFS(Tracker!$E$2:$E$41,$A6,Tracker!$F$2:$F$41,"Solved") -> 0 | D6: =COUNTIFS(Tracker!$E$2:$E$41,$A6,Tracker!$F$2:$F$41,"In Progress") -> 0 | E6: =COUNTIFS(Tracker!$E$2:$E$41,$A6,Tracker!$F$2:$F$41,"Revisit") -> 0 | F6: =IFERROR(C6/B6,0) -> 0 | G6: =IFERROR(AVERAGEIFS(Tracker!$H$2:$H$41,Tracker!$E$2:$E$41,$A6,Tracker!$F$2:$F$41,"Solved"),0) -> 0
A7: Hard | B7: =COUNTIF(Tracker!$E$2:$E$41,$A7) -> 13 | C7: =COUNTIFS(Tracker!$E$2:$E$41,$A7,Tracker!$F$2:$F$41,"Solved") -> 0 | D7: =COUNTIFS(Tracker!$E$2:$E$41,$A7,Tracker!$F$2:$F$41,"In Progress") -> 0 | E7: =COUNTIFS(Tracker!$E$2:$E$41,$A7,Tracker!$F$2:$F$41,"Revisit") -> 0 | F7: =IFERROR(C7/B7,0) -> 0 | G7: =IFERROR(AVERAGEIFS(Tracker!$H$2:$H$41,Tracker!$E$2:$E$41,$A7,Tracker!$F$2:$F$41,"Solved"),0) -> 0
A8: Overall | B8: =COUNTA(Tracker!$C$2:$C$41) -> 40 | C8: =COUNTIF(Tracker!$F$2:$F$41,"Solved") -> 0 | D8: =COUNTIF(Tracker!$F$2:$F$41,"In Progress") -> 0 | E8: =COUNTIF(Tracker!$F$2:$F$41,"Revisit") -> 0 | F8: =IFERROR(C8/B8,0) -> 0 | G8: =IFERROR(AVERAGEIFS(Tracker!$H$2:$H$41,Tracker!$F$2:$F$41,"Solved"),0) -> 0
A10: How to use
A11: • Fill only the cream-shaded columns on the Tracker sheet (Status to Notes). Everything on this sheet updates automatically.
A12: • Example: Status = Solved, Date Solved = 21-Oct-2026, Time = 25, Attempts = 2, Needed Help? = No, Revisit? = Yes.
A13: • Target: ~25 min per medium. Mark anything over 40 min or needing help as Revisit and redo it after a week.
A14: • Avg Time counts only rows marked Solved. The 'Open' link searches LeetCode for that problem number.
A15: • Difficulty is LeetCode's official label. Hard rows are stretch problems; do them after the mediums.
